AUC,Accuracy,Business Score
0.6090727367870225,0.7542163009404388,224.4
0.6718304552590266,0.9093201410658306,248.6
0.6987284144427002,0.9187010188087774,252.8
0.7012328623757196,0.9168240595611286,253.4
0.6938356881214023,0.9155740595611286,255.6
