AUC,Accuracy,Business Score
0.5787770922322416,0.7892432770481551,367.3333333333333
0.6747033697199809,0.9024390243902438,406.0
0.7305489637715551,0.9168230143839899,413.3333333333333
0.7236513209935138,0.9168230143839899,419.3333333333333
0.7309444708115804,0.9168230143839899,422.3333333333333
